header,ketinggian,temperature,kelembaban,tekanan,lintang,bujur,roll,pitch,yaw
OK,1.87,31.65,63.91,465.60,-6.976949,107.630226,1,-3,50.40
OK,1.87,31.65,63.91,465.60,-6.976949,107.630226,1,-3,50.40
OK,1.86,31.65,63.91,465.60,-6.976949,107.630226,1,-3,50.40
