header,ketinggian,temperature,kelembaban,tekanan,lintang,bujur,roll,pitch,yaw
OK,1.46,31.68,63.58,465.62,-6.976963,107.630195,1,-3,50.40
OK,1.87,31.68,63.58,465.60,-6.976963,107.630195,1,-3,50.40
OK,2.16,31.71,63.53,465.58,-6.976963,107.630195,1,-3,50.40
OK,2.12,31.71,63.53,465.59,-6.976963,107.630195,1,-3,50.40
OK,2.02,31.71,63.53,465.59,-6.976962,107.630195,1,-3,50.40
OK,1.98,31.71,63.53,465.59,-6.976962,107.630195,1,-3,50.40
OK,2.07,31.71,63.53,465.59,-6.976962,107.630195,1,-3,50.40
