header,ketinggian,temperature,kelembaban,tekanan,lintang,bujur,roll,pitch,yaw
OK,0.89,31.89,63.40,465.66,-6.976926,107.630203,1,-3,83.80
OK,0.94,31.89,63.40,465.65,-6.976926,107.630203,1,-3,83.80
OK,0.80,31.89,63.40,465.66,-6.976926,107.630203,1,-3,83.80
OK,0.63,31.89,63.40,465.67,-6.976926,107.630203,1,-3,83.90
OK,0.47,31.89,63.40,465.68,-6.976926,107.630203,1,-3,83.90
