Peserta id,Waktu,Ketinggian,Temperature,Kelembaban,Tekanan,Arah Angin,Kecepatan Angin,Lintang,Bujur
621,11:14:02,63,43.32,42.80,466.64,0.00,0.00,-6.976128,107.630249
621,11:14:12,128,43.34,42.43,466.61,0.00,0.00,-6.976124,107.630233
