header,ketinggian,temperature,kelembaban,tekanan,lintang,bujur,roll,pitch,yaw
OK,0.81,31.92,63.38,465.66,-6.976928,107.630203,1,-3,83.80
OK,0.55,31.95,63.38,465.67,-6.976928,107.630203,1,-3,83.80
OK,0.41,31.95,63.38,465.68,-6.976928,107.630203,1,-3,83.80
OK,0.63,31.95,63.38,465.67,-6.976928,107.630203,1,-3,83.80
