Peserta id,Waktu,Ketinggian,Temperature,Kelembaban,Tekanan,Arah Angin,Kecepatan Angin,Lintang,Bujur
621,11:42:00,4.06,43.11,38.33,466.29,0.00,0.00,-6.975907,107.630279
621,11:42:10,4.43,43.17,38.16,466.27,0.00,0.00,-6.975907,107.630271
