header,ketinggian,temperature,kelembaban,tekanan,lintang,bujur,roll,pitch,yaw
OK,-0.87,32.34,60.54,465.75,-6.976919,107.630210,1,-3,302.50
OK,-1.06,32.33,60.56,465.76,-6.976919,107.630210,1,-3,302.50
OK,-1.09,32.33,60.56,465.76,-6.976919,107.630210,1,-3,302.50
OK,-1.17,32.33,60.56,465.77,-6.976919,107.630210,1,-3,302.50
OK,-0.77,32.33,60.56,465.75,-6.976919,107.630210,1,-3,302.50
OK,-1.13,32.33,60.56,465.77,-6.976919,107.630210,1,-3,302.50
OK,-0.93,32.33,60.56,465.76,-6.976919,107.630210,1,-3,302.50
OK,-1.16,32.33,60.58,465.77,-6.976919,107.630210,1,-3,302.50
OK,-1.36,32.33,60.58,465.78,-6.976919,107.630210,1,-3,302.50
