header,ketinggian,temperature,kelembaban,tekanan,lintang,bujur,roll,pitch,yaw
OK,1.85,31.71,63.60,465.60,-6.976968,107.630203,1,-3,50.40
OK,1.94,31.71,63.60,465.60,-6.976968,107.630203,1,-3,50.40
OK,1.94,31.71,63.60,465.60,-6.976968,107.630203,1,-3,50.40
OK,1.97,31.69,63.61,465.60,-6.976968,107.630203,1,-3,50.50
OK,1.80,31.69,63.61,465.60,-6.976968,107.630203,1,-3,50.40
OK,2.00,31.69,63.61,465.59,-6.976969,107.630203,1,-3,50.40
OK,1.77,31.69,63.61,465.61,-6.976969,107.630203,1,-3,50.40
