header,ketinggian,temperature,kelembaban,tekanan,lintang,bujur,roll,pitch,yaw
OK,-1.85,32.09,62.17,465.81,-6.976891,107.630195,1,-3,83.80
OK,-1.62,32.09,62.17,465.79,-6.976891,107.630195,1,-3,83.90
OK,-1.82,32.09,62.17,465.80,-6.976891,107.630195,1,-3,83.80
OK,-1.50,32.06,62.19,465.79,-6.976891,107.630195,1,-3,84.00
OK,-1.48,32.06,62.19,465.79,-6.976891,107.630195,1,-3,84.00
OK,-1.59,32.06,62.19,465.79,-6.976891,107.630195,1,-3,83.90
