header,ketinggian,temperature,kelembaban,tekanan,lintang,bujur,roll,pitch,yaw
OK,0.77,31.92,63.40,465.66,-6.976927,107.630195,1,-3,84.00
OK,0.34,31.92,63.40,465.69,-6.976927,107.630195,1,-3,84.00
OK,-0.03,31.92,63.40,465.71,-6.976927,107.630195,1,-3,84.00
OK,0.35,31.92,63.40,465.68,-6.976926,107.630195,1,-3,83.70
